Dish name,Quantity,Unit of Measure,Ingredients
Sambar,2,cup,Toor Dal
Sambar,1,,Onion
Sambar,2,,Tomato
Sambar,1,,Carrot
Sambar,8,,Green Beans
Sambar,3,,Drum Sticks
Sambar,1,,Potato
Sambar,5,tbsp,Urad Dal
Sambar,3,tbsp,Grated Coconut
Sambar,2,,Green Chilli
Sambar,,,Coriander Seeds
Sambar,,,Black Pepper
Sambar,,,Jaggery
Sambar,,,Curry leaves
Sambar,,,Tamarind concentrate
Sambar,,,Mustard seeds
Sambar,,,Dried red chilli
Sambar,,,Cumin seeds (jeera)
Sambar,,,Hing
Sambar,,,Turmeric
Sambar,,,Sambar Masala
Paneer Tikka,1,cup,Heavy cream
Paneer Tikka,3,,Tomato
Paneer Tikka,1,,Green Pepper
Paneer Tikka,0.9,lb,Paneer
Paneer Tikka,2,,Onions
Paneer Tikka,1,,Lemon
Paneer Tikka,4,tbsp,Cashews
Paneer Tikka,,,Cooking Oil
Paneer Tikka,,,Turmeric
Paneer Tikka,,,Chilli powder
Paneer Tikka,,,Cumin powder
Paneer Tikka,,,Coriander powder
Paneer Tikka,,,Black Pepper crushed
Paneer Tikka,,,Ajwain/ Carom seeds
Paneer Tikka,,,Kasuri Methi
Paneer Tikka,,,Ginger
Paneer Tikka,,,Garlic
Paneer Tikka,,,Garam Masala
Chana Masala,0.7,lb,"Chana raw, soaked overnight"
Chana Masala,3,,tomato
Chana Masala,2,,Onions
Chana Masala,,,Cilantro
Chana Masala,,,Cooking oil
Chana Masala,,,Chhole Masala 
Chana Masala,,,Coriander powder
Chana Masala,,,Black Pepper
Chana Masala,,,Cumin seeds (jeera)
Chana Masala,,,Black Cardamom
Chana Masala,,,Cinnamon
Chana Masala,,,Ginger Garlic Paste
Chana Masala,,,Bay Leaf
Chana Masala,,,Kasuri Methi
Chana Masala,,,Aamchur (Dry mango)
Pav Bhaji,4,,tomato
Pav Bhaji,0.2,lb,Cauliflower
Pav Bhaji,0.5,cup,Peas/ Matar
Pav Bhaji,4,,potato
Pav Bhaji,1,,Green Pepper
Pav Bhaji,2,,Onions
Pav Bhaji,1,,Lemons
Pav Bhaji,,,Kashmiri red chilli
Pav Bhaji,,,Turmeric
Pav Bhaji,,,Pav Bhaji Masala
Pav Bhaji,,,Kasuri Methi
Pav Bhaji,,,Cilantro
Pav Bhaji,,,Ginger (paste or whole)
Pav Bhaji,,,Garlic (paste or whole)
Pav Bhaji,,,Butter
Veg Manchurian,2,cup,Cabbage
Veg Manchurian,1,cup,Carrot
Veg Manchurian,10,tbsp,Spring Onion
Veg Manchurian,4,tbsp,All purpose flour
Veg Manchurian,4,tbsp,Corn Starch
Veg Manchurian,0.2,lb,Cauliflower
Veg Manchurian,1,,Green Pepper
Veg Manchurian,1,,Tomato
Veg Manchurian,,,Soy Sauce
Veg Manchurian,,,Chili Sauce
Veg Manchurian,,,Vinegar
Veg Manchurian,2,,Green chili
Veg Manchurian,,,Ginger
Veg Manchurian,,,Cooking oil
Veg Manchurian,,,Garlic
Kaali Dal,1,cup,Black Urad Dal
Kaali Dal,1,,Onion
Kaali Dal,2.5,,tomato
Kaali Dal,,,Bay Leaf
Kaali Dal,,,Cumin seeds (jeera)
Kaali Dal,,,Cilantro
Kaali Dal,,,Garam Masala
Kaali Dal,,,Cumin Powder
Kaali Dal,,,Coriander Powder
Kaali Dal,,,Red Chili Powder
Kaali Dal,,,Green Chili
Kaali Dal,,,Ginger (paste or whole)
Kaali Dal,,,Garlic (paste or whole)
Veg Fried Rice,3,cup,Basmati Rice
Veg Fried Rice,2,,Onion
Veg Fried Rice,14,tbsp,Spring Onion
Veg Fried Rice,1,,Carrot
Veg Fried Rice,10,,Green Beans
Veg Fried Rice,1,,Green Pepper
Veg Fried Rice,0.5,cup,Green Peas
Veg Fried Rice,0.5,cup,Cabbage
Veg Fried Rice,,,Garlic (paste or whole)
Veg Fried Rice,,,Black Pepper
Veg Fried Rice,,,Soy Sauce
Kadai Chicken,1.5,lb,Boneless Chicken Thighs
Kadai Chicken,2,,Onion
Kadai Chicken,2,,Tomato
Kadai Chicken,,,Cooking Oil (or ghee)
Kadai Chicken,5,tbsp,Heavy Whipping Cream
Kadai Chicken,1,,Green bell pepper
Kadai Chicken,,,Coriander Seeds
Kadai Chicken,,,Fennel Seeds
Kadai Chicken,,,Cloves
Kadai Chicken,,,Cinnamon
Kadai Chicken,,,Green Cardamom
Kadai Chicken,,,Black Pepper Corn
Kadai Chicken,,,Kashmiri Red Chilli
Kadai Chicken,,,Ginger (paste or whole)
Kadai Chicken,,,Garlic (paste or whole)
Kadai Chicken,,,Cumin seeds (jeera)
Kadai Chicken,,,Garam Masala
Kadai Chicken,,,Kasuri Methi
Veg Dry Sabzi with Paneer,0.4,lb,Paneer
Veg Dry Sabzi with Paneer,2,,Potato
Veg Dry Sabzi with Paneer,1,,Carrot
Veg Dry Sabzi with Paneer,0.2,lb,Cauliflower
Veg Dry Sabzi with Paneer,0.2,lb,Green Peas
Veg Dry Sabzi with Paneer,1,,Green Bell Pepper
Veg Dry Sabzi with Paneer,3,,Tomato
Veg Dry Sabzi with Paneer,2,,Onion
Veg Dry Sabzi with Paneer,,,Cinnamon
Veg Dry Sabzi with Paneer,,,Cloves
Veg Dry Sabzi with Paneer,,,Cardamom
Veg Dry Sabzi with Paneer,,,Bay Leaf
Veg Dry Sabzi with Paneer,,,Cumin seeds (jeera)
Veg Dry Sabzi with Paneer,,,Kasuri Methi
Veg Dry Sabzi with Paneer,,,Green Chilli
Veg Dry Sabzi with Paneer,,,Ginger (paste or whole)
Veg Dry Sabzi with Paneer,,,Garlic (paste or whole)
Veg Dry Sabzi with Paneer,,,Turmeric
Veg Dry Sabzi with Paneer,,,Red Chilli Powder
Veg Dry Sabzi with Paneer,,,Garam Masala
Veg Dry Sabzi with Paneer,,,Cilantro
Chicken Curry,2.25,lb,Bone in Chicken
Chicken Curry,,,Cooking Oil
Chicken Curry,6,,Onion
Chicken Curry,4,,Tomato
Chicken Curry,0.5,cup,Whole milk yogurt
Chicken Curry,,,Green Chilli
Chicken Curry,,,Garlic (paste or whole)
Chicken Curry,,,Ginger (paste or whole)
Chicken Curry,,,Cilantro
Chicken Curry,,,Red Chilli Powder
Chicken Curry,,,Turmeric
Chicken Curry,,,Garam Masala
Chicken Curry,,,Bay Leaf
Chicken Curry,,,Cloves
Chicken Curry,,,Cinnamon
Chicken Curry,,,Cardamom
Palak Paneer,0.8,lb,Paneer
Palak Paneer,1,bunch,Spinach
Palak Paneer,2,,Onion
Palak Paneer,2,,Tomato
Palak Paneer,,,Cooking Oil
Palak Paneer,,,Ghee (optional)
Palak Paneer,,,Garlic (paste or whole)
Palak Paneer,,,Ginger (paste or whole)
Palak Paneer,,,Green Chilli
Palak Paneer,,,Dried Red Chilli
Palak Paneer,,,Cumin seeds (jeera)
Palak Paneer,,,Bay Leaf
Palak Paneer,,,Turmeric
Palak Paneer,,,Coriander Powder
Palak Paneer,,,Garam Masala
Dal Makhani,1.5,cup,Black Urad Dal (Black Gram)
Dal Makhani,0.5,cup,Rajma
Dal Makhani,4,,Tomato
Dal Makhani,,,Cooking Oil
Dal Makhani,,,Ghee (optional)
Dal Makhani,,,Cilantro
Dal Makhani,,,Hing
Dal Makhani,,,Garam Masala
Dal Makhani,,,Bay Leaf
Dal Makhani,,,Ginger (paste or whole)
Dal Makhani,,,Garlic (paste or whole)
Dal Makhani,,,Turmeric
Dal Makhani,,,Coriander Powder
Dal Makhani,,,Cumin Powder
Dal Makhani,,,Red Chilli Powder
Hot and Sour Soup,,,Oil
Hot and Sour Soup,0.5,bunch,Spring Onion
Hot and Sour Soup,2,,Carrot
Hot and Sour Soup,0.2,lb,Cabbage
Hot and Sour Soup,1,,Green Bell Pepper
Hot and Sour Soup,10,,Green Beans
Hot and Sour Soup,4,tbsp,Corn Flour
Hot and Sour Soup,,,Garlic (paste or whole)
Hot and Sour Soup,,,Ginger (paste or whole)
Hot and Sour Soup,,,Green Chilli
Hot and Sour Soup,,,Soy Sauce
Hot and Sour Soup,,,Vinegar
Hot and Sour Soup,,,Chili Sauce
Hot and Sour Soup,,,Black Pepper
Aloo Paratha,5,,Potato
Aloo Paratha,4,cup,Wheat Flour
Aloo Paratha,,,Cooking Oil
Aloo Paratha,,,Ginger
Aloo Paratha,,,Green Chilli
Aloo Paratha,,,Cilantro
Aloo Paratha,,,Coriander Seeds
Aloo Paratha,,,Ajwain (Carrom seeds)
Aloo Paratha,,,Red Chilli Powder
Aloo Paratha,,,Cumin Powder
Aloo Paratha,,,Garam Masala
Paneer Chilli,0.75,cup,Corn Flour
Paneer Chilli,4,tbsp,Plain flour
Paneer Chilli,0.9,lb,Paneer
Paneer Chilli,1,bunch,Spring Onion
Paneer Chilli,1,,Onion
Paneer Chilli,1,,Green Bell Pepper
Paneer Chilli,2,,Tomato
Paneer Chilli,,,Cooking Oil
Paneer Chilli,,,Ginger
Paneer Chilli,,,Garlic
Paneer Chilli,,,Red Chilli Powder
Paneer Chilli,,,Black Pepper
Paneer Chilli,,,Chili Sauce (eg. Sriracha)
Paneer Chilli,,,Soy Sauce
Paneer Chilli,,,Vinegar
Paneer Chilli,,,Red Chilli Powder
Paneer Chilli,,,Green Chilli
Chicken Saag,2,,Onion
Chicken Saag,2,,Tomato
Chicken Saag,1,bunch,Spinach
Chicken Saag,1.5,lb,Boneless chicken breast
Chicken Saag,0.5,cup,Whole milk Yogurt
Chicken Saag,,,Garlic
Chicken Saag,,,Ginger
Chicken Saag,,,Coriander Powder
Chicken Saag,,,Garam Masala
Chicken Saag,,,Turmeric
Chicken Saag,,,Cumin powder (jeera)
Chicken Saag,,,Cardamom
Chicken Saag,,,Red Chilli Powder
Paneer Bhurji,3,,Onion
Paneer Bhurji,3,,Tomato
Paneer Bhurji,0.7,lb,Paneer
Paneer Bhurji,,,Cooking Oil
Paneer Bhurji,,,Cumin seeds (jeera)
Paneer Bhurji,,,Green Chilli
Paneer Bhurji,,,Ginger (paste or whole)
Paneer Bhurji,,,Garlic (paste or whole)
Paneer Bhurji,,,Red Chilli Powder
Paneer Bhurji,,,Cilantro
Paneer Bhurji,,,Garam Masala
Paneer Bhurji,,,Kasuri Methi
Mix Veg Paratha,3,,Potato
Mix Veg Paratha,1,,Carrot
Mix Veg Paratha,0.2,lb,Cauliflower
Mix Veg Paratha,0.2,lb,Green Beans
Mix Veg Paratha,0.2,lb,Green Peas
Mix Veg Paratha,4,cup,Wheat Flour
Mix Veg Paratha,,,Cooking Oil
Mix Veg Paratha,,,Ginger
Mix Veg Paratha,,,Green Chilli
Mix Veg Paratha,,,Cilantro
Mix Veg Paratha,,,Coriander Seeds
Mix Veg Paratha,,,Ajwain (Carrom seeds)
Mix Veg Paratha,,,Red Chilli Powder
Mix Veg Paratha,,,Cumin Powder
Mix Veg Paratha,,,Garam Masala
Chicken Tikka Masala,250,ml,Heavy cream
Chicken Tikka Masala,4,,Tomato
Chicken Tikka Masala,2,,Lemons
Chicken Tikka Masala,1.5,lb,Boneless Chicken Thighs
Chicken Tikka Masala,2,,Onions
Chicken Tikka Masala,,,Cooking Oil
Chicken Tikka Masala,,,Turmeric
Chicken Tikka Masala,,,Red Chilli powder
Chicken Tikka Masala,,,Cumin powder
Chicken Tikka Masala,,,Coriander powder
Chicken Tikka Masala,,,Ajwain/ Carom seeds
Chicken Tikka Masala,,,Kasuri Methi
Chicken Tikka Masala,,,Ginger (Paste or whole)
Chicken Tikka Masala,,,Garlic (Paste or whole)
Chicken Tikka Masala,,,Garam Masala
Pepper Chicken Curry,1,cup,Yogurt/ Heavy cream
Pepper Chicken Curry,2,,Tomato
Pepper Chicken Curry,1.5,lb,Boneless Chicken Thighs
Pepper Chicken Curry,2,,Onions
Pepper Chicken Curry,,,Cooking Oil
Pepper Chicken Curry,,,Coconut milk (optional)
Pepper Chicken Curry,,,Curry leaves
Pepper Chicken Curry,,,Red Chilli powder
Pepper Chicken Curry,,,Cinnamon
Pepper Chicken Curry,,,Green Cardamom
Pepper Chicken Curry,,,Black Pepper
Pepper Chicken Curry,,,Cloves
Pepper Chicken Curry,,,Cumin seeds (jeera)
Pepper Chicken Curry,,,Ginger (Paste or whole)
Pepper Chicken Curry,,,Garlic (Paste or whole)
Pepper Chicken Curry,,,Garam Masala
Punjabi Kadhi Pakode,0.5,cup,Besan (Gram Flour)
Punjabi Kadhi Pakode,2,cup,Whole milk yogurt
Punjabi Kadhi Pakode,4,,Onions
Punjabi Kadhi Pakode,,,Cooking Oil
Punjabi Kadhi Pakode,,,Cilantro
Punjabi Kadhi Pakode,,,Baking Soda
Punjabi Kadhi Pakode,,,Turmeric
Punjabi Kadhi Pakode,,,Red Chilli powder
Punjabi Kadhi Pakode,,,Ajwain (Carrom seeds)
Punjabi Kadhi Pakode,,,Methi (fenugreek)
Punjabi Kadhi Pakode,,,Black Pepper
Punjabi Kadhi Pakode,,,Coriander Seeds
Punjabi Kadhi Pakode,,,Cumin seeds (jeera)
Punjabi Kadhi Pakode,,,Ginger (Paste or whole)
Punjabi Kadhi Pakode,,,Garlic (Paste or whole)
Punjabi Kadhi Pakode,,,Red Chilli
Punjabi Kadhi Pakode,,,Hing
Punjabi Kadhi Pakode,,,Green Chilli
Punjabi Kadhi Pakode,,,Kasuri Methi
Kadai Paneer,0.9,lb,Paneer
Kadai Paneer,3,,Onion
Kadai Paneer,5,,Tomato
Kadai Paneer,,,Cooking Oil
Kadai Paneer,5,tbsp,Heavy Whipping Cream (optional)
Kadai Paneer,,,Cilantro
Kadai Paneer,1,,Green bell pepper
Kadai Paneer,,,Ghee (optional)
Kadai Paneer,,,Coriander Seeds
Kadai Paneer,,,Fennel Seeds
Kadai Paneer,,,Cloves
Kadai Paneer,,,Cinnamon
Kadai Paneer,,,Green Cardamom
Kadai Paneer,,,Black Pepper Corn
Kadai Paneer,,,Kashmiri Red Chilli
Kadai Paneer,,,Ginger (paste or whole)
Kadai Paneer,,,Garlic (paste or whole)
Kadai Paneer,,,Cumin seeds (jeera)
Kadai Paneer,,,Red Chilli Powder
Kadai Paneer,,,Kasuri Methi
Kadai Paneer,,,Garam Masala
Aloo Tikki,5,,Aloo
Aloo Tikki,5,tbsp,Corn Flour
Aloo Tikki,,,Mint
Aloo Tikki,,,Cilantro
Aloo Tikki,,,Green Chilli
Aloo Tikki,,,Ginger (paste or whole)
Aloo Tikki,,,Garlic (paste or whole)
Aloo Tikki,,,Turmeric
Aloo Tikki,,,Red Chilli Powder
Aloo Tikki,,,Cumin Powder
Aloo Tikki,,,Amchur (Dry Mango)
Aloo Tikki,,,Chaat Masala
Lauki Kofta Curry,1,,Lauki (Bottel Gourd/Calabash)
Lauki Kofta Curry,0.5,cup,Gram Flour (Besan)
Lauki Kofta Curry,0.25,cup,Corn Flour
Lauki Kofta Curry,,,Cooking Oil
Lauki Kofta Curry,2,,Onions
Lauki Kofta Curry,2,,Tomato
Lauki Kofta Curry,15,,Cashews (allergies permitting)
Lauki Kofta Curry,0.5,cup,Heavy Whipping Cream
Lauki Kofta Curry,,,Cilantro
Lauki Kofta Curry,,,Turmeric
Lauki Kofta Curry,,,Red Chilli Powder
Lauki Kofta Curry,,,Garam Masala
Lauki Kofta Curry,,,Ginger (paste or whole)
Lauki Kofta Curry,,,Garlic (paste or whole)
Lauki Kofta Curry,,,Cumin Seeds (jeera)
Lauki Kofta Curry,,,Bay Leaf
Lauki Kofta Curry,,,Coriander powder
Lauki Kofta Curry,,,Kasuri Methi
Lauki Kofta Curry,,,Garam Masala
Bhindi Fry,1.5,lb,Okra (Bhindi)
Bhindi Fry,4,,Onion
Bhindi Fry,3,,Tomato
Bhindi Fry,3,tbsp,Spring Onion (Optional)
Bhindi Fry,,,Cooking Oil
Bhindi Fry,,,Cumin seeds (jeera)
Bhindi Fry,,,Garlic (paste or whole)
Bhindi Fry,,,Ginger (paste or whole)
Bhindi Fry,,,Turmeric
Bhindi Fry,,,Red Chilli Powder
Bhindi Fry,,,Coriander powder
Bhindi Fry,,,Garam Masala
Bhindi Fry,,,Kasuri Methi
Bhindi Fry,,,Cumin Powder
Hakka Noodles,0.7,lb,Noodles
Hakka Noodles,1,,Onion
Hakka Noodles,0.5,,Cabbage
Hakka Noodles,3,tbsp,Spring Onion
Hakka Noodles,,,Cooking Oil
Hakka Noodles,1,,Green Bell Pepper
Hakka Noodles,1,,Carrot
Hakka Noodles,5,,Green Beans
Hakka Noodles,,,Chilli Sauce (Sriracha or similar)
Hakka Noodles,,,Garlic (paste or whole)
Hakka Noodles,,,Ginger (paste or whole)
Hakka Noodles,,,Soy Sauce (Kikkoman)
Hakka Noodles,,,Vinegar
Hakka Noodles,,,Black Pepper
Hakka Noodles,,,Green Chilli
Hakka Noodles,,,Oyster Sauce
Gobi Manchurian,1,,Cauliflower
Gobi Manchurian,1,,Onion
Gobi Manchurian,1,,Green Bell Pepper
Gobi Manchurian,,,Cooking Oil
Gobi Manchurian,1.5,cup,Maida/ Whole flour
Gobi Manchurian,0.5,cup,Corn Starch
Gobi Manchurian,,,Soy Sauce
Gobi Manchurian,,,Chili Sauce
Gobi Manchurian,,,Vinegar
Gobi Manchurian,,,Red Chilli Powder
Gobi Manchurian,,,Ginger (paste or whole)
Gobi Manchurian,,,Garlic (paste or whole)
Gobi Manchurian,,,Tomato Ketchup
Gobi Manchurian,,,Black Pepper
Schezwan Fried Rice,0.8,lb,Rice (uncooked)
Schezwan Fried Rice,1,,Onion
Schezwan Fried Rice,0.5,,Cabbage
Schezwan Fried Rice,3,tbsp,Spring Onion
Schezwan Fried Rice,,,Cooking Oil
Schezwan Fried Rice,1,,Green Bell Pepper
Schezwan Fried Rice,1,,Carrot
Schezwan Fried Rice,5,,Green Beans
Schezwan Fried Rice,1,,Yellow Bell Pepper
Schezwan Fried Rice,,,Chilli Sauce (Sriracha or similar)
Schezwan Fried Rice,,,Garlic (paste or whole)
Schezwan Fried Rice,,,Ginger (paste or whole)
Schezwan Fried Rice,,,Soy Sauce (Kikkoman)
Schezwan Fried Rice,,,Vinegar
Schezwan Fried Rice,,,Shezuan Spicy Stir Fry Sauce
Schezwan Fried Rice,,,Green Chilli
Schezwan Fried Rice,,,Tomato Ketchup
Schezwan Fried Rice,,,Dried Red Chilli
Chicken Manchurian,1,lb,Boneless chicken breast/ thigh
Chicken Manchurian,2,,Onion
Chicken Manchurian,1,,Green Bell Pepper
Chicken Manchurian,,,Cooking Oil
Chicken Manchurian,0.5,cup,Maida/ All purpose flour
Chicken Manchurian,0.5,cup,Corn Starch
Chicken Manchurian,1,,Egg
Chicken Manchurian,,,Soy Sauce
Chicken Manchurian,,,Chili Sauce
Chicken Manchurian,,,Vinegar
Chicken Manchurian,,,Red Chilli Powder
Chicken Manchurian,,,Ginger (paste or whole)
Chicken Manchurian,,,Garlic (paste or whole)
Chicken Manchurian,,,Tomato Ketchup
Chicken Manchurian,,,Black Pepper
Malai Kofta,4,,potato
Malai Kofta,0.4,lb,Paneer
Malai Kofta,0.25,cup,Corn Flour
Malai Kofta,,,Cooking Oil
Malai Kofta,2,,Onions
Malai Kofta,3,,Tomato
Malai Kofta,0.25,cup,Cashews
Malai Kofta,0.25,cup,Raisins (optional)
Malai Kofta,0.5,cup,Heavy Whipping Cream
Malai Kofta,,,Cilantro
Malai Kofta,,,Turmeric
Malai Kofta,,,Red Chilli Powder
Malai Kofta,,,Garam Masala
Malai Kofta,,,Ginger (paste or whole)
Malai Kofta,,,Garlic (paste or whole)
Malai Kofta,,,Cumin Seeds (jeera)
Malai Kofta,,,Bay Leaf
Malai Kofta,,,Garam Masala
Malai Kofta,,,Coriander powder
Malai Kofta,,,Kasuri Methi
Dal Tadka,1.5,cup,Toor Dal
Dal Tadka,1,,Onion
Dal Tadka,3,,tomato
Dal Tadka,0.5,cup,Moong Dal
Dal Tadka,,,Cooking Oil
Dal Tadka,,,Ghee (Optional)
Dal Tadka,,,Bay Leaf
Dal Tadka,,,Black Cardamom
Dal Tadka,,,Kasuri Methi
Dal Tadka,,,Hing
Dal Tadka,,,Cumin Powder
Dal Tadka,,,Coriander Powder
Dal Tadka,,,Red Chili Powder
Dal Tadka,,,Green Chili
Dal Tadka,,,Garlic (paste or whole)
Dal Tadka,,,Turmeric
Chicken Biryani,4,,Onion
Chicken Biryani,1,cup,Whole milk yogurt
Chicken Biryani,2,,Green Chilli
Chicken Biryani,2,lb,Chicken Thighs
Chicken Biryani,,,Cilantro leaves
Chicken Biryani,1,,Lemon
Chicken Biryani,,,Cooking Oil
Chicken Biryani,,,Mint Leaves
Chicken Biryani,3,cup,Basmati Rice
Chicken Biryani,,,Ginger (paste or whole)
Chicken Biryani,,,Garlic (paste or whole)
Chicken Biryani,,,Turmeric
Chicken Biryani,,,Red Chilli Powder
Chicken Biryani,,,Biryani Masala
Chicken Biryani,,,Coriander powder
Chicken Biryani,,,Cumin Powder
Chicken Biryani,,,Bay Leaf
Chicken Biryani,,,Saffron
Chicken Biryani,,,Black Pepper
Chicken Biryani,,,Cinnamon
Chicken Biryani,,,Mace
Chicken Biryani,,,Cardamom
Chicken Biryani,,,Cloves
Bagara Baingan,10,,Eggplants
,5,tbsp,Peanuts
,3,tbsp,Dry Coconut (Grated)
,1,,Onion
,2,,Green Chilli
,,,Cilantro leaves
,,,Cooking Oil
,,,Sesame seeds
,,,Coriander Seeds (Dhania)
,,,Cumin seeds (jeera)
,,,Methi (fenugreek)
,,,Cinnamon
,,,Cardamom
,,,Cloves
,,,Turmeric
,,,Mustard Seeds
,,,Curry leaves
,,,Tamarind extract
,,,Garlic (paste or whole)
,,,Red Chilli Powder
Cabbage Porial,1.5,tsp,Urad Dal
Cabbage Porial,1.5,tsp,Chana Dal
Cabbage Porial,1,head,Cabbage
Cabbage Porial,2,tsp,Jaggery
Cabbage Porial,6,tbsp,Coconut Shredded
Cabbage Porial,,,Cooking Oil
Cabbage Porial,,,Mustard Seeds
Cabbage Porial,,,Curry leaves
Cabbage Porial,,,Turmeric
Cabbage Porial,,,Kashmiri Red Chilli
Cabbage Porial,,,Cumin seeds (jeera)
Veg Pulao,2,,Onion
Veg Pulao,3,,Tomato
Veg Pulao,15,,Green Beans
Veg Pulao,1,,Green Bell Pepper
Veg Pulao,5,tbsp,Green Peas (Frozen)
Veg Pulao,1,,Carrot
Veg Pulao,1,,Potato
Veg Pulao,2.5,cup,Basmati Rice
Veg Pulao,15,,Cashew
Veg Pulao,5,tbsp,Ghee
Veg Pulao,,,Mint
Veg Pulao,,,Cilantro
Veg Pulao,,,Ginger Paste
Veg Pulao,,,Garlic Paste
Veg Pulao,,,Red Chilli Powder
Veg Pulao,,,Cardamom
Veg Pulao,,,Cloves
Veg Pulao,,,Fennel
Veg Pulao,,,Cumin seeds (jeera)
Veg Pulao,,,Green Chilli
Veg Pulao,,,Black Pepper
Veg Pulao,,,Cinnamon
Veg Pulao,,,Bay Leaf
Pulao Raita,2.5,cup,Whole milk Yogurt
Pulao Raita,1,,Onion
Pulao Raita,1,,Tomato
Pulao Raita,5,tsp,Cilantro
Pulao Raita,1,,Cucumber
Pulao Raita,,,Cumin Powder
Chicken Masala,1.5,lb,Chicken thighs
Chicken Masala,2,,Onion
Chicken Masala,2,,Tomato
Chicken Masala,2,tbsp,ginger garlic paste
Chicken Masala,2,,Green chilies
Chicken Masala,0.25,cup,Cilantro
Chicken Masala,3,tbsp,Cooking oil
Chicken Masala,,,Cumin seeds (jeera)
Chicken Masala,,,Turmeric powder
Chicken Masala,,,Red chili powder
Chicken Masala,,,Coriander powder
Chicken Masala,,,Garam masala powder
Chicken Masala,,,Kasuri methi
Chicken Shami Kabab,1.25,lb,Ground chicken
Chicken Shami Kabab,1,cup,Chana dal (soaked for 2 hours)
Chicken Shami Kabab,1,,Onion
Chicken Shami Kabab,4,cloves,Garlic
Chicken Shami Kabab,1,inch,Ginger
Chicken Shami Kabab,2,,Green chilies
Chicken Shami Kabab,0.25,cup,Fresh Cilantro Leaves
Chicken Shami Kabab,0.25,cup,Fresh mint leaves
Chicken Shami Kabab,2,tbsp,Ghee or oil
Chicken Shami Kabab,1,,"Egg (optional, for binding)"
Chicken Shami Kabab,,,Cumin seeds (jeera)
Chicken Shami Kabab,,,Coriander seeds
Chicken Shami Kabab,,,Cinnamon
Chicken Shami Kabab,,,Cloves
Chicken Shami Kabab,,,Green cardamom pods
Chicken Shami Kabab,,,Black cardamom pod
Chicken Shami Kabab,,,Bay leaf
Chicken Shami Kabab,,,Red chili powder
Chicken Shami Kabab,,,Turmeric powder
Chicken Chilli,1.25,lb,Boneless Chicken
Chicken Chilli,1,each,Green Bell Pepper
Chicken Chilli,2,,Onion
Chicken Chilli,2,stalks,Spring onions
Chicken Chilli,2,tbsp,Cornstarch
Chicken Chilli,2,tbsp,All-purpose flour
Chicken Chilli,,,Garlic Cloves
Chicken Chilli,,,Ginger
Chicken Chilli,,,Green Chilies
Chicken Chilli,,,Soy Sauce
Chicken Chilli,,,Tomato Ketchup
Chicken Chilli,,,Chili Sauce (eg. Sriracha)
Chicken Chilli,,,Vinegar
Chicken Chilli,,,Black Pepper
Shahi Paneer,1.1,lb,Paneer
Shahi Paneer,2,,Onion
Shahi Paneer,2,,Tomato
Shahi Paneer,0.25,cup,"Cashew nuts, soaked"
Shahi Paneer,0.5,cup,Heavy whipping cream
Shahi Paneer,2,tbsp,Ghee or oil
Shahi Paneer,2,tbsp,ginger garlic paste
Shahi Paneer,2,,Green chili
Shahi Paneer,,,Cumin seeds (jeera)
Shahi Paneer,,,Cardamom pods
Shahi Paneer,,,Cinnamon stick
Shahi Paneer,,,Cloves
Shahi Paneer,,,Bay leaf
Shahi Paneer,,,Red chili powder
Shahi Paneer,,,Turmeric powder
Shahi Paneer,,,Garam masala powder
Shahi Paneer,,,Kasuri methi
Veg Korma,1,cup,Cauliflower
Veg Korma,1,,Carrot
Veg Korma,0.4,lb,Paneer
Veg Korma,0.5,cup,Cashew nuts
Veg Korma,0.5,cup,Green Peas (Frozen)
Veg Korma,1,,Onion
Veg Korma,2,,tomato
Veg Korma,0.5,cup,Whole milk Yogurt
Veg Korma,0.25,cup,Heavy whipping cream
Veg Korma,0.5,cup,Raisins (optional)
Veg Korma,2,tbsp,Cooking Oil
Veg Korma,,,Cilantro
Veg Korma,,,Cumin seeds (jeera)
Veg Korma,,,Garam masala
Veg Korma,,,Turmeric powder
Veg Korma,,,Coriander powder
Veg Korma,,,Red chili powder
Veg Korma,,,Ginger (Paste or whole)
Veg Korma,,,Garlic (Paste or whole)
Aloo Gobi,4,,potato (Aloo)
Aloo Gobi,1,head,Cauliflower (Gobi)
Aloo Gobi,,,Cooking oil
Aloo Gobi,,,Cilantro
Aloo Gobi,,,Lemon Juice
Aloo Gobi,,,Cumin seeds
Aloo Gobi,,,Mustard seeds
Aloo Gobi,,,Turmeric powder
Aloo Gobi,,,Red chili powder
Aloo Gobi,,,Coriander powder
Aloo Gobi,,,Garam masala
Rajma,0.7,lb,"Kidney beans raw, soaked overnight"
Rajma,3,,tomato
Rajma,2,,Onions
Rajma,,,Cilantro
Rajma,,,Cooking oil
Rajma,,,Garam masala
Rajma,,,Coriander powder
Rajma,,,Black Pepper
Rajma,,,Cumin seeds (jeera)
Rajma,,,Black Cardamom
Rajma,,,Cinnamon
Rajma,,,Ginger Garlic Paste
Rajma,,,Bay Leaf
Rajma,,,Karuri Methi
Rajma,,,Aamchur (Dry mango)
Palak Pappu,1,cup,Toor Dal
Palak Pappu,1,bunch,Spinach
Palak Pappu,1,,Onion
Palak Pappu,2,,Tomato
Palak Pappu,,,Cooking oil
Palak Pappu,3,,Green Chilies
Palak Pappu,,,Ginger (Paste or Whole)
Palak Pappu,,,Garlic (Paste or Whole)
Palak Pappu,,,Turmeric powder
Palak Pappu,,,Red chili powder
Palak Pappu,,,Mustard seeds
Palak Pappu,,,Cumin seeds (jeera)
Palak Pappu,,,Asafoetida (Hing)
Palak Pappu,,,Curry leaves
Palak Dal,1,cup,Toor Dal
Palak Dal,1,bunch,Spinach
Palak Dal,1,,Onion
Palak Dal,2,,Tomato
Palak Dal,,,Cooking oil
Palak Dal,3,,Green Chilies
Palak Dal,,,Ginger (Paste or Whole)
Palak Dal,,,Garlic (Paste or Whole)
Palak Dal,,,Turmeric powder
Palak Dal,,,Red chili powder
Palak Dal,,,Mustard seeds
Palak Dal,,,Cumin seeds (jeera)
Palak Dal,,,Asafoetida (Hing)
Palak Dal,,,Curry leaves
Potato Sabzi,4,,potato (Aloo)
Potato Sabzi,,,Cooking oil
Potato Sabzi,,,Cilantro
Potato Sabzi,,,Lemon Juice
Potato Sabzi,,,Cumin seeds
Potato Sabzi,,,Mustard seeds
Potato Sabzi,,,Turmeric powder
Potato Sabzi,,,Red chili powder
Potato Sabzi,,,Coriander powder
Potato Sabzi,,,Garam masala
Veg Biryani,3,,Onion
Veg Biryani,1,cup,Whole milk yogurt
Veg Biryani,2,,Green Chilli
Veg Biryani,2,,Tomato
Veg Biryani,,,Cilantro leaves
Veg Biryani,1,,Lemon
Veg Biryani,,,Cooking Oil (or Ghee)
Veg Biryani,,,Mint Leaves
Veg Biryani,2.5,cup,Basmati Rice
Veg Biryani,,,Ginger (paste or whole)
Veg Biryani,,,Garlic (paste or whole)
Veg Biryani,,,Turmeric powder
Veg Biryani,,,Red Chilli Powder
Veg Biryani,,,Biryani Masala
Veg Biryani,,,Coriander powder
Veg Biryani,,,Cumin Powder
Veg Biryani,,,Bay Leaf
Veg Biryani,,,Saffron
Veg Biryani,,,Black Pepper
Veg Biryani,,,Cinnamon Sticks
Veg Biryani,,,Saffron
Veg Biryani,,,Cardamom Pods
Veg Biryani,,,Cumin Powder
Veg Biryani,,,Cloves
Upma,1,cup,Rava/ Sooji
Upma,,,Cooking Oil
Upma,1,tsp,Urad Dal
Upma,1,tsp,Chana Dal
Upma,1,,Onion
Upma,4,tbsp,Green Peas (frozen)
Upma,,,Lemon
Upma,,,Cilantro
Upma,,,Mustard seeds
Upma,,,Curry leaves
Upma,,,Green Chilies
Upma,,,Ginger (paste or whole)
Kala Chana,0.9,lb,"Chana raw, soaked overnight"
Kala Chana,3,,tomato
Kala Chana,2,,Onions
Kala Chana,,,Cilantro
Kala Chana,,,Cooking oil
Kala Chana,,,Chhole Masala
Kala Chana,,,Coriander powder
Kala Chana,,,Black Pepper
Kala Chana,,,Cumin seeds (jeera)
Kala Chana,,,Black Cardamom
Kala Chana,,,Cinnamon
Kala Chana,,,Ginger Garlic Paste
Kala Chana,,,Bay Leaf
Kala Chana,,,Kasuri Methi
Kala Chana,,,Aamchur (Dry mango)
Paneer Paratha,4,cup,Wheat Flour
Paneer Paratha,,,Cooking Oil
Paneer Paratha,0.6,lb,Paneer
Paneer Paratha,,,Ghee (optional)
Paneer Paratha,,,Ginger
Paneer Paratha,,,Green Chilli
Paneer Paratha,,,Cilantro
Paneer Paratha,,,Coriander Seeds
Paneer Paratha,,,Ajwain (Carrom seeds)
Paneer Paratha,,,Red Chilli Powder
Paneer Paratha,,,Cumin Powder
Paneer Paratha,,,Garam Masala
Matar Paneer,0.9,lb,Paneer
Matar Paneer,3,,tomato
Matar Paneer,2,,Onion
Matar Paneer,2,cup,Green Peas
Matar Paneer,2,,Green chilli (if spicy is needed)
Matar Paneer,,,Cumin seeds
Matar Paneer,,,Garam masala
Matar Paneer,,,Turmeric powder
Matar Paneer,,,Coriander powder
Matar Paneer,,,Red chili powder
Matar Paneer,,,Ginger (Paste or whole)
Matar Paneer,,,Garlic (Paste or whole)
Matar Paneer,,,Kasoori Methi
Matar Paneer,,,Ghee/Cooking Oil
Veg Handi,2,,Potato
Veg Handi,1,,Carrot
Veg Handi,0.2,lb,Green Beans
Veg Handi,1,cup,Cauliflower
Veg Handi,1,,Green Bell Pepper
Veg Handi,1,,Onion
Veg Handi,2,,Tomato
Veg Handi,2,tbsp,Heavy whipping cream (optional)
Veg Handi,4,tbsp,Whole Milk Yogurt
Veg Handi,0.4,lb,Paneer
Veg Handi,,,Garlic
Veg Handi,,,Ginger
Veg Handi,,,Green chili
Veg Handi,,,Red Chili Powder
Veg Handi,,,Coriander Powder
Veg Handi,,,Cumin Seeds (jeera)
Veg Handi,,,Mustard Seeds
Veg Handi,,,Cilantro
Veg Handi,,,Curry Leaves
Gobi Sabzi,2,,potato (Aloo)
Gobi Sabzi,1,head,Cauliflower (Gobi)
Gobi Sabzi,,,Cooking oil
Gobi Sabzi,,,Cilantro
Gobi Sabzi,,,Lemon Juice
Gobi Sabzi,2,,Tomato
Gobi Sabzi,,,Cumin seeds
Gobi Sabzi,,,Mustard seeds
Gobi Sabzi,,,Turmeric powder
Gobi Sabzi,,,Red chili powder
Gobi Sabzi,,,Coriander powder
Gobi Sabzi,,,Garam masala
Paneer Makhani,1,cup,Yogurt/ Heavy cream
Paneer Makhani,3,,Tomato
Paneer Makhani,4,tbsp,Cashew nuts
Paneer Makhani,0.9,lb,Paneer
Paneer Makhani,2,,Onions
Paneer Makhani,,,Lemons
Paneer Makhani,,,Turmeric
Paneer Makhani,,,Chilli powder
Paneer Makhani,,,Cumin powder
Paneer Makhani,,,Coriander powder
Paneer Makhani,,,Black Pepper crushed
Paneer Makhani,,,Ajwain/ Carom seeds
Paneer Makhani,,,Kasuri Methi
Paneer Makhani,,,Ginger (Paste or whole)
Paneer Makhani,,,Garlic (Paste or whole)
Paneer Makhani,,,Garam Masala
Papdi Chaat,0.9,lb,Papdis (Recommend: Haldiram Papdi)
Papdi Chaat,3,,Potato
Papdi Chaat,1,cup,Canned Chickpeas
Papdi Chaat,1,,Onion
Papdi Chaat,,,Cilantro
Papdi Chaat,,,Mint Chutney
Papdi Chaat,1,cup,Whole Milk Yogurt
Papdi Chaat,1,cup,Fine Sev
Papdi Chaat,,,Lemon
Papdi Chaat,,,Green Chilies
Papdi Chaat,,,Tamarind concentrate
Papdi Chaat,,,Chaat Masala
Papdi Chaat,,,Cumin powder
Papdi Chaat,,,Red chili powder
Green Beans Sabzi,2,,Onion
Green Beans Sabzi,2.2,lb,Green Beans
Green Beans Sabzi,2,,Tomato
Green Beans Sabzi,2,,Green chilli
Green Beans Sabzi,,,Cilantro (for garnish)
Green Beans Sabzi,,,Grated coconut
Green Beans Sabzi,,,Garlic
Green Beans Sabzi,,,Ginger
Green Beans Sabzi,,,Green chili
Green Beans Sabzi,,,Red Chili Powder
Green Beans Sabzi,,,Coriander Powder
Green Beans Sabzi,,,Cumin Seeds (jeera)
Green Beans Sabzi,,,Kasuri Methi
Green Beans Sabzi,,,Curry Leaves
Chicken Chilli Curry,1.5,lb,Boneless Chicken
Chicken Chilli Curry,2,,Onions
Chicken Chilli Curry,3,,Tomato
Chicken Chilli Curry,,,Cooking Oil
Chicken Chilli Curry,,,Garlic Cloves
Chicken Chilli Curry,,,Ginger
Chicken Chilli Curry,,,Green Chilies
Chicken Chilli Curry,,,Curry Leaves
Chicken Chilli Curry,,,Cilantro
Chicken Chilli Curry,,,Red Chili Powder
Chicken Chilli Curry,,,Turmeric
Chicken Chilli Curry,,,Cumin Powder (jeera powder)
Chicken Chilli Curry,,,Garam Masala
Paneer Lababdar,1,cup,Yogurt/ Heavy cream
Paneer Lababdar,3,,Tomato
Paneer Lababdar,4,tbsp,Cashew nuts
Paneer Lababdar,0.9,lb,Paneer
Paneer Lababdar,2,,Onions
Paneer Lababdar,,,Lemons
Paneer Lababdar,,,Cooking Oil
Paneer Lababdar,,,Butter (optional)
Paneer Lababdar,,,Cilantro
Paneer Lababdar,,,Turmeric
Paneer Lababdar,,,Chilli powder
Paneer Lababdar,,,Cumin powder
Paneer Lababdar,,,Coriander powder
Paneer Lababdar,,,Green Chilies
Paneer Lababdar,,,Ajwain/ Carom seeds
Paneer Lababdar,,,Kasuri Methi
Paneer Lababdar,,,Ginger (Paste or whole)
Paneer Lababdar,,,Garlic (Paste or whole)
Paneer Lababdar,,,Garam Masala
Beerakaya Curry,3,,Beerakaya (Ridge Gourd)
Beerakaya Curry,3,,Tomato
Beerakaya Curry,2,,Green Chili
Beerakaya Curry,,,Cilantro
Beerakaya Curry,1,,Onions
Beerakaya Curry,,,Cooking Oil
Beerakaya Curry,,,Turmeric
Beerakaya Curry,,,Red Chili Powder
Beerakaya Curry,,,Jaggery
Beerakaya Curry,,,Coriander powder
Beerakaya Curry,,,Cumin Seeds (jeera)
Beerakaya Curry,,,Mustard Seeds
Beerakaya Curry,,,Curry Leaves
Gutti Vankaya,12,,Eggplants
Gutti Vankaya,2,,Tomato
Gutti Vankaya,4,,Green Chili
Gutti Vankaya,,,Cilantro
Gutti Vankaya,2,,Onions
Gutti Vankaya,4,tbsp,Peanuts
Gutti Vankaya,,,Cooking Oil
Gutti Vankaya,0.5,cup,Grated Coconut
Gutti Vankaya,,,Tamarind Concentrate
Gutti Vankaya,,,Red Chili Powder
Gutti Vankaya,,,Jaggery
Gutti Vankaya,,,Coriander powder
Gutti Vankaya,,,Cumin Seeds (jeera)
Gutti Vankaya,,,Sesame seeds
Gutti Vankaya,,,Coriander seeds
Gutti Vankaya,,,Garlic (Paste or whole)
Gutti Vankaya,,,Ginger (Paste or whole)
Gutti Vankaya,,,Mustard Seeds
Gutti Vankaya,,,Garam Masala
Egg Curry,9,,Eggs
Egg Curry,2,,Tomato
Egg Curry,2,,Green Chili
Egg Curry,,,Cilantro
Egg Curry,2,,Onions
Egg Curry,,,Cooking Oil
Egg Curry,1,cup,Coconut milk (optional)
Egg Curry,,,Ginger (Paste or whole)
Egg Curry,,,Garlic (Paste or whole)
Egg Curry,,,Curry Leaves
Egg Curry,,,Red Chili Powder
Egg Curry,,,Coriander powder
Egg Curry,,,Cumin Powder
Egg Curry,,,Mustard Seeds
Egg Curry,,,Fenugreek Seeds
Egg Curry,,,Tamarind Concentrate
Egg Curry,,,Mustard Seeds
Methi Paratha,3,cup,Whole Wheat Flour
Methi Paratha,,,Cooking Oil
Methi Paratha,1,bunch,Methi leaves
Methi Paratha,,,Ghee (optional)
Methi Paratha,,,Ginger
Methi Paratha,,,Green Chilli
Methi Paratha,,,Cilantro
Methi Paratha,,,Coriander Seeds
Methi Paratha,,,Ajwain (Carrom seeds)
Methi Paratha,,,Red Chilli Powder
Methi Paratha,,,Cumin Powder
Methi Paratha,,,Garam Masala
Patta Gobhi Sabzi,1.5,tsp,Urad Dal
Patta Gobhi Sabzi,1.5,tsp,Chana Dal
Patta Gobhi Sabzi,1,head,Cabbage
Patta Gobhi Sabzi,6,tbsp,Coconut Shredded (optional)
Patta Gobhi Sabzi,,,Cooking Oil
Patta Gobhi Sabzi,,,Mustard Seeds
Patta Gobhi Sabzi,,,Curry leaves
Patta Gobhi Sabzi,,,Turmeric
Patta Gobhi Sabzi,,,Kashmiri Red Chilli
Patta Gobhi Sabzi,,,Cumin seeds (jeera)
Methi Malai Paneer,1,cup,Yogurt/ Heavy cream
Methi Malai Paneer,3,,Tomato
Methi Malai Paneer,4,tbsp,Cashew nuts
Methi Malai Paneer,0.9,lb,Paneer
Methi Malai Paneer,2,,Onions
Methi Malai Paneer,,,Lemons
Methi Malai Paneer,1,bunch,Methi leaves (fenugreek)
Methi Malai Paneer,,,Green Chili
Methi Malai Paneer,0.25,cup,Milk
Methi Malai Paneer,,,Cilantro
Methi Malai Paneer,,,Turmeric
Methi Malai Paneer,,,Chilli powder
Methi Malai Paneer,,,Cumin powder
Methi Malai Paneer,,,Coriander powder
Methi Malai Paneer,,,Black Pepper crushed
Methi Malai Paneer,,,Ajwain/ Carom seeds
Methi Malai Paneer,,,Kasuri Methi
Methi Malai Paneer,,,Ginger (Paste or whole)
Methi Malai Paneer,,,Garlic (Paste or whole)
Methi Malai Paneer,,,Garam Masala
Chettinad Paneer,1.1,lb,Paneer
Chettinad Paneer,2,,Onion
Chettinad Paneer,2,,Tomato
Chettinad Paneer,,,Cilantro
Chettinad Paneer,,,Grated coconut (optional)
Chettinad Paneer,,,Cooking Oil
Chettinad Paneer,,,Ginger
Chettinad Paneer,,,Garlic
Chettinad Paneer,,,Dry Red Chili
Chettinad Paneer,,,Tamarind Paste
Chettinad Paneer,,,Curry Leaves
Chettinad Paneer,,,Coriander Seeds
Chettinad Paneer,,,Cumin Seeds
Chettinad Paneer,,,Cloves
Chettinad Paneer,,,Bay Leaf
Chettinad Paneer,,,Green Chilli
Patta Gobi Mix Veg,1,head,Cabbage
Patta Gobi Mix Veg,2,tsp,Urad Dal
Patta Gobi Mix Veg,2,,Potato (optional)
Patta Gobi Mix Veg,1,,Carrot
Patta Gobi Mix Veg,0.2,lb,Green Peas
Patta Gobi Mix Veg,1,,Green Bell Pepper
Patta Gobi Mix Veg,,,Cooking Oil
Patta Gobi Mix Veg,,,Mustard Seeds
Patta Gobi Mix Veg,,,Curry leaves
Patta Gobi Mix Veg,,,Turmeric
Patta Gobi Mix Veg,,,Kashmiri Red Chilli
Patta Gobi Mix Veg,,,Cumin seeds (jeera)
Patta Gobi Mix Veg,,,Garam Masala
Patta Gobi Mix Veg,,,Red Chilli Powder
Chettinad Chicken,1.5,lb,Boneless chicken thighs
Chettinad Chicken,2,,Onion
Chettinad Chicken,2,,Tomato
Chettinad Chicken,,,Cilantro
Chettinad Chicken,,,Grated coconut (optional)
Chettinad Chicken,,,Cooking Oil
Chettinad Chicken,,,Ginger
Chettinad Chicken,,,Garlic
Chettinad Chicken,,,Dry Red Chili
Chettinad Chicken,,,Tamarind Paste
Chettinad Chicken,,,Curry Leaves
Chettinad Chicken,,,Coriander Seeds
Chettinad Chicken,,,Cumin Seeds
Chettinad Chicken,,,Cloves
Chettinad Chicken,,,Bay Leaf
Chettinad Chicken,,,Green Chilli
Mix Veg Vepudu,2,,Potato
Mix Veg Vepudu,2,,Carrot
Mix Veg Vepudu,0.2,lb,Green Beans
Mix Veg Vepudu,1,cup,Cauliflower
Mix Veg Vepudu,1,,Green Bell Pepper
Mix Veg Vepudu,1,,Onion
Mix Veg Vepudu,2,,Tomato
Mix Veg Vepudu,5,,Okra (optional)
Mix Veg Vepudu,,,Cilantro
Mix Veg Vepudu,,,Garlic
Mix Veg Vepudu,,,Ginger
Mix Veg Vepudu,,,Green chili
Mix Veg Vepudu,,,Red Chili Powder
Mix Veg Vepudu,,,Coriander Powder
Mix Veg Vepudu,,,Cumin Seeds (jeera)
Mix Veg Vepudu,,,Mustard Seeds
Mix Veg Vepudu,,,Curry Leaves
Fish Pulusu,2,lb,"Fish fillets (tilapia, cod, or halibut)"
Fish Pulusu,,,Cooking Oil
Fish Pulusu,1,,Onion
Fish Pulusu,2,,Tomato
Fish Pulusu,,,Green Chilli
Fish Pulusu,,,Garlic (paste or whole)
Fish Pulusu,,,Ginger (paste or whole)
Fish Pulusu,,,Red Chilli Powder
Fish Pulusu,,,Tamarind Paste
Fish Pulusu,,,Cilantro Leaves
Fish Pulusu,,,Cumin Powder
Fish Pulusu,,,Curry Leaves
Fish Pulusu,,,Fenugreek Seeds
Fish Pulusu,,,Mustard Seeds
Tindora Vepudu,1.5,lb,Tindora
Tindora Vepudu,1,,Onion
Tindora Vepudu,2,,Tomato
Tindora Vepudu,,,Cilantro
Tindora Vepudu,,,Cooking Oil
Tindora Vepudu,,,Garlic
Tindora Vepudu,,,Ginger
Tindora Vepudu,,,Green chili
Tindora Vepudu,,,Red Chili Powder
Tindora Vepudu,,,Coriander Powder
Tindora Vepudu,,,Cumin Seeds (jeera)
Tindora Vepudu,,,Mustard Seeds
Tindora Vepudu,,,Curry Leaves
Bhindi Vepudu,1.5,lb,Okra (Bhindi)
Bhindi Vepudu,1,,Onion
Bhindi Vepudu,2,,Tomato
Bhindi Vepudu,,,Cilantro
Bhindi Vepudu,,,Cooking Oil
Bhindi Vepudu,,,Garlic
Bhindi Vepudu,,,Ginger
Bhindi Vepudu,,,Green chili
Bhindi Vepudu,,,Red Chili Powder
Bhindi Vepudu,,,Coriander Powder
Bhindi Vepudu,,,Cumin Seeds (jeera)
Bhindi Vepudu,,,Mustard Seeds
Bhindi Vepudu,,,Curry Leaves
Cabbage Pesarapappu Kura,1,head,Cabbage
Cabbage Pesarapappu Kura,0.5,cup,Moong Dal
Cabbage Pesarapappu Kura,1,,Onion
Cabbage Pesarapappu Kura,2,,Tomato
Cabbage Pesarapappu Kura,,,Cilantro
Cabbage Pesarapappu Kura,,,Cooking Oil
Cabbage Pesarapappu Kura,,,Garlic
Cabbage Pesarapappu Kura,,,Turmeric Powder
Cabbage Pesarapappu Kura,,,Ginger
Cabbage Pesarapappu Kura,,,Green chili
Cabbage Pesarapappu Kura,,,Red Chili Powder
Cabbage Pesarapappu Kura,,,Coriander Powder
Cabbage Pesarapappu Kura,,,Cumin Seeds (jeera)
Cabbage Pesarapappu Kura,,,Mustard Seeds
Cabbage Pesarapappu Kura,,,Curry Leaves
Methi Matar Malai,1,cup,Yogurt/ Heavy cream
Methi Matar Malai,3,,Tomato
Methi Matar Malai,4,tbsp,Cashew nuts
Methi Matar Malai,1,cup,Green Peas (mattar)
Methi Matar Malai,2,,Onions
Methi Matar Malai,,,Lemons
Methi Matar Malai,1,bunch,Methi leaves (fenugreek)
Methi Matar Malai,,,Green Chili
Methi Matar Malai,0.25,cup,Milk
Methi Matar Malai,,,Cilantro
Methi Matar Malai,,,Turmeric
Methi Matar Malai,,,Chilli powder
Methi Matar Malai,,,Cumin powder
Methi Matar Malai,,,Coriander powder
Methi Matar Malai,,,Black Pepper crushed
Methi Matar Malai,,,Ajwain/ Carom seeds
Methi Matar Malai,,,Kasuri Methi
Methi Matar Malai,,,Ginger (Paste or whole)
Methi Matar Malai,,,Garlic (Paste or whole)
Methi Matar Malai,,,Garam Masala
Boondi Raita,3,cup,Plain Whole Milk Yogurt
Boondi Raita,2,cup,Boondi
Boondi Raita,2,,Cucumber
Boondi Raita,2,,Tomato
Boondi Raita,,,Mint leaves
Boondi Raita,,,Cilantro
Boondi Raita,,,Cumin Powder
Boondi Raita,,,Chaat Masala
Boondi Raita,,,Red chili powder
Boondi Raita,,,Green Chili
Potato Curry,6,,potato (Aloo)
Potato Curry,1,,Onion
Potato Curry,2,,Tomato
Potato Curry,,,Lemon Juice
Potato Curry,,,Cooking oil
Potato Curry,,,Cilantro
Potato Curry,,,Cumin seeds
Potato Curry,,,Mustard seeds
Potato Curry,,,Turmeric powder
Potato Curry,,,Red chili powder
Potato Curry,,,Coriander powder
Potato Curry,,,Garam masala
Potato Curry,,,Curry leaves
Potato Curry,,,Green Chilies
Semiyan Kheer,2,cup,Vermicelli
Semiyan Kheer,10,cup,Whole Milk
Semiyan Kheer,1,cup,Sugar
Semiyan Kheer,2,tbsp,Raisins
Semiyan Kheer,15,,Cashews
Semiyan Kheer,,,Cardamom Powder
Semiyan Kheer,,,Saffron
Jeera Rice,2,cup,Basmati Rice
Jeera Rice,2,tbsp,Ghee or Oil
Jeera Rice,,,Cashews (optional)
Jeera Rice,,,Cilantro
Jeera Rice,,,Cumin Seeds
Jeera Rice,,,Saffron
Jeera Rice,,,Bay Leaves
Jeera Rice,,,Cinnamon stick
Jeera Rice,,,Cardamom pods
Shrimp Masala,1.5,lb,"Shrimp (tail removed, deveined)"
Shrimp Masala,2,,Onion
Shrimp Masala,2,,Tomato
Shrimp Masala,2,tbsp,ginger garlic paste
Shrimp Masala,2,,Green chilies
Shrimp Masala,0.25,cup,Cilantro
Shrimp Masala,3,tbsp,Cooking oil
Shrimp Masala,,,Cumin seeds
Shrimp Masala,,,Turmeric powder
Shrimp Masala,,,Red chili powder
Shrimp Masala,,,Coriander powder
Shrimp Masala,,,Garam masala powder
Shrimp Masala,,,Kasuri methi
Shrimp Masala,,,Salt
Sarson Ka Saag,2,bunches,Mustard greens (sarson)
Sarson Ka Saag,1,bunch,Spinach leaves
Sarson Ka Saag,2,,Green chilies
Sarson Ka Saag,1,,Onion
Sarson Ka Saag,2,,tomato
Sarson Ka Saag,2,tbsp,Cornmeal (makki ka atta) or corn flour
Sarson Ka Saag,,,Cooking Oil
Sarson Ka Saag,,,Garlic
Sarson Ka Saag,,,Ginger
Sarson Ka Saag,,,Cumin seeds
Sarson Ka Saag,,,Turmeric powder
Sarson Ka Saag,,,Red chili powder
Sarson Ka Saag,,,Coriander powder
Sarson Ka Saag,,,Garam masala powder
Sarson Ka Saag,,,Kasuri methi
Baingan Bharta,2,,Eggplants (~1.5 lb)
Baingan Bharta,2,,Tomato
Baingan Bharta,3,tbsp,Dry Coconut (Grated)
Baingan Bharta,2,,Onion
Baingan Bharta,2,,Green Chilli
Baingan Bharta,,,Cilantro leaves
Baingan Bharta,,,Cooking Oil
Baingan Bharta,,,Ginger
Baingan Bharta,,,Garlic
Baingan Bharta,,,Cumin seeds (jeera)
Baingan Bharta,,,Garam masala powder
Baingan Bharta,,,Kasuri methi
Baingan Bharta,,,Turmeric powder
Baingan Bharta,,,Coriander powder
Baingan Bharta,,,Red chili powder
Methi Thepla,3,cup,Wheat Flour
Methi Thepla,,,Cooking Oil
Methi Thepla,0.5,cup,Besan (gram flour)
Methi Thepla,0.5,cup,Yogurt
Methi Thepla,1,bunch,Methi leaves (Fenugreek)
Methi Thepla,,,Cilantro
Methi Thepla,,,Sesame seeds
Methi Thepla,,,Coriander powder
Methi Thepla,,,Cumin seeds
Methi Thepla,,,Red Chilli Powder
Methi Thepla,,,Cumin Powder
Methi Thepla,,,Turmeric powder
Methi Thepla,,,Asfoeitida
Paneer Egg Roll,0.7,lb,Paneer
Paneer Egg Roll,6,,Eggs
Paneer Egg Roll,,,Cooking Oil
Paneer Egg Roll,1,,Bell Pepper
Paneer Egg Roll,1,,Onion
Paneer Egg Roll,8,,Roti
Paneer Egg Roll,,,Cilantro
Paneer Egg Roll,,,Ginger
Paneer Egg Roll,,,Green Chilli
Paneer Egg Roll,,,Garlic
Paneer Egg Roll,,,Coriander powder
Paneer Egg Roll,,,Cumin seeds
Paneer Egg Roll,,,Red Chilli Powder
Paneer Egg Roll,,,Garam masala powder
Paneer Egg Roll,,,Turmeric powder
Tindora Fry,1.5,lb,Tindora
Tindora Fry,,,Cilantro
Tindora Fry,,,Cooking Oil
Tindora Fry,,,Shredded Coconut (optional)
Tindora Fry,,,Garlic
Tindora Fry,,,Ginger
Tindora Fry,,,Green chili
Tindora Fry,,,Red Chili Powder
Tindora Fry,,,Cumin Seeds (jeera)
Tindora Fry,,,Mustard Seeds
Tindora Fry,,,Curry Leaves
Keema Matar,1.25,lb,Ground meat (Any meat of your choice)
Keema Matar,1,cup,Green Peas (Matar)
Keema Matar,2,,Onion
Keema Matar,3,,Tomato
Keema Matar,,,Cilantro
Keema Matar,,,Ginger
Keema Matar,,,Garlic
Keema Matar,,,Green Chili
Keema Matar,,,Turmeric powder
Keema Matar,,,Red Chili Powder
Keema Matar,,,Coriander powder
Keema Matar,,,Cumin Powder
Keema Matar,,,Garam masala powder
Mixed Veg Curry,0.4,lb,Paneer
Mixed Veg Curry,2,,Potato
Mixed Veg Curry,1,,Carrot
Mixed Veg Curry,0.2,lb,Cauliflower
Mixed Veg Curry,0.2,lb,Green Peas
Mixed Veg Curry,1,,Green Bell Pepper
Mixed Veg Curry,3,,Tomato
Mixed Veg Curry,2,,Onion
Mixed Veg Curry,0.5,cup,Whole milk yogurt
Mixed Veg Curry,,,Cinnamon
Mixed Veg Curry,,,Cloves
Mixed Veg Curry,,,Cardamom
Mixed Veg Curry,,,Bay Leaf
Mixed Veg Curry,,,Cumin seeds (jeera)
Mixed Veg Curry,,,Kasuri Methi
Mixed Veg Curry,,,Green Chilli
Mixed Veg Curry,,,Ginger (paste or whole)
Mixed Veg Curry,,,Garlic (paste or whole)
Mixed Veg Curry,,,Turmeric
Mixed Veg Curry,,,Red Chilli Powder
Mixed Veg Curry,,,Garam Masala
Mixed Veg Curry,,,Cilantro
Aloo Methi Paratha,5,,Potato
Aloo Methi Paratha,4,cup,Wheat Flour
Aloo Methi Paratha,,,Cooking Oil
Aloo Methi Paratha,1,bunch,Methi leaves (Fenugreek)
Aloo Methi Paratha,,,Ginger
Aloo Methi Paratha,,,Green Chilli
Aloo Methi Paratha,,,Cilantro
Aloo Methi Paratha,,,Coriander Seeds
Aloo Methi Paratha,,,Ajwain (Carrom seeds)
Aloo Methi Paratha,,,Red Chilli Powder
Aloo Methi Paratha,,,Cumin Powder
Aloo Methi Paratha,,,Garam Masala
Schezwan Paneer,0.9,lb,Paneer
Schezwan Paneer,2,,Onion
Schezwan Paneer,2,,Bell Peppers
Schezwan Paneer,1,bunch,Spring Onions
Schezwan Paneer,1,tablespoon,Cornstarch
Schezwan Paneer,,,Garlic cloves
Schezwan Paneer,,,Ginger
Schezwan Paneer,,,Green Chili
Schezwan Paneer,,,Schezwan Sauce
Schezwan Paneer,,,Soy Sauce
Schezwan Paneer,,,Tomato Ketchup
Schezwan Paneer,,,Vinegar
Gobi Matar Sabzi,2,,potato (Optional)
Gobi Matar Sabzi,1,head,Cauliflower (Gobi)
Gobi Matar Sabzi,1,cup,Peas
Gobi Matar Sabzi,0.5,bunch,Cilantro
Gobi Matar Sabzi,,,Lemon Juice
Gobi Matar Sabzi,2,,Tomato
Gobi Matar Sabzi,,,Cumin seeds
Gobi Matar Sabzi,,,Mustard seeds
Gobi Matar Sabzi,,,Turmeric powder
Gobi Matar Sabzi,,,Red chili powder
Gobi Matar Sabzi,,,Coriander powder
Gobi Matar Sabzi,,,Garam masala
Gobi Matar Sabzi,,,Cooking oil
Mushroom Butter Masala,1,cup,Heavy cream
Mushroom Butter Masala,3,,Tomato
Mushroom Butter Masala,4,tbsp,Cashew nuts
Mushroom Butter Masala,1.1,lb,Common Mushrooms
Mushroom Butter Masala,2,,Onions
Mushroom Butter Masala,,,Lemons
Mushroom Butter Masala,4,tbsp,Butter
Mushroom Butter Masala,,,Cooking oil
Mushroom Butter Masala,,,Cilantro (Garnish)
Mushroom Butter Masala,,,Turmeric
Mushroom Butter Masala,,,Red Chilli powder
Mushroom Butter Masala,,,Cumin powder
Mushroom Butter Masala,,,Coriander powder
Mushroom Butter Masala,,,Black Pepper crushed
Mushroom Butter Masala,,,Green Chilies
Mushroom Butter Masala,,,Kasuri Methi
Mushroom Butter Masala,,,Ginger (Paste or whole)
Mushroom Butter Masala,,,Garlic (Paste or whole)
Mushroom Butter Masala,,,Garam Masala
Chicken Korma,2,lb,"Boneless, skinless Chicken Thigh"
Chicken Korma,0.25,cup,Cashew nuts
Chicken Korma,2,,Onion
Chicken Korma,3,,tomato
Chicken Korma,1,cup,Whole milk Yogurt
Chicken Korma,0.5,cup,Heavy whipping cream
Chicken Korma,2,tbsp,Cooking Oil
Chicken Korma,,,Cilantro
Chicken Korma,,,Green Chilies
Chicken Korma,,,Garam masala
Chicken Korma,,,Turmeric powder
Chicken Korma,,,Coriander powder
Chicken Korma,,,Red chili powder
Chicken Korma,,,Ginger (Paste or whole)
Chicken Korma,,,Garlic (Paste or whole)
Chicken Korma,,,Kasuri Methi
Medu Vada,2,cup,Urad dal (split black gram lentils)
Medu Vada,1,,Onion
Medu Vada,2,,Green chilies
Medu Vada,,,Curry Leaves
Medu Vada,,,Cilantro (Garnishing)
Medu Vada,,,Cooking Oil
Medu Vada,,,Cumin seeds
Medu Vada,,,Whole black peppercorns
Medu Vada,,,Ginger (Paste or whole)
Mutton Rogan Josh,2.5,lb,"Mutton (boneless, cubed)"
Mutton Rogan Josh,2,,Onion
Mutton Rogan Josh,4,,Tomato
Mutton Rogan Josh,1,cup,Plain yogurt
Mutton Rogan Josh,,,Tomato paste
Mutton Rogan Josh,,,Green Chilies
Mutton Rogan Josh,,,Garam masala
Mutton Rogan Josh,,,Turmeric powder
Mutton Rogan Josh,,,Coriander powder
Mutton Rogan Josh,,,Red chili powder
Mutton Rogan Josh,,,Ginger (Paste or whole)
Mutton Rogan Josh,,,Garlic (Paste or whole)
Mutton Rogan Josh,,,Kasuri Methi
Butter Chicken,2,lb,"Boneless, skinless Chicken Thigh"
Butter Chicken,0.25,cup,Cashew nuts
Butter Chicken,2,,Onion
Butter Chicken,3,,tomato
Butter Chicken,1,cup,Whole milk Yogurt
Butter Chicken,0.5,cup,Heavy whipping cream
Butter Chicken,2,tbsp,Cooking Oil
Butter Chicken,,,Cilantro leaves
Butter Chicken,0.25,cup,Butter
Butter Chicken,,,Green Chilies
Butter Chicken,,,Garam masala
Butter Chicken,,,Turmeric powder
Butter Chicken,,,Coriander powder
Butter Chicken,,,Red chili powder
Butter Chicken,,,Ginger (Paste or whole)
Butter Chicken,,,Garlic (Paste or whole)
Butter Chicken,,,Kasuri Methi
Thai Rice Noodles,1.5,lb,"Boneless, skinless Chicken/ Tofu/ Shrimp"
Thai Rice Noodles,1,lb,Rice Noodles
Thai Rice Noodles,2,,Carrot
Thai Rice Noodles,2,,Bell Pepper
Thai Rice Noodles,1,bunch,Green Onions
Thai Rice Noodles,1,,Egg
Thai Rice Noodles,,,Chinese Broccoli (optional)
Thai Rice Noodles,,,Cilantro leaves
Thai Rice Noodles,,,Basil leaves
Thai Rice Noodles,,,Cooking Oil
Thai Rice Noodles,,,Garlic
Thai Rice Noodles,,,Ginger
Thai Rice Noodles,,,Red Chili Pepper
Thai Rice Noodles,,,Soy Sauce
Thai Rice Noodles,,,Oyster Sauce
Thai Rice Noodles,,,Vinegar
Thai Rice Noodles,,,Fish Sauce
Aloo Palak,3,,potato
Aloo Palak,1,bunch,Spinach
Aloo Palak,2,,Onion
Aloo Palak,2,,Tomato
Aloo Palak,,,Cooking Oil
Aloo Palak,,,Ghee (optional)
Aloo Palak,,,Garlic (paste or whole)
Aloo Palak,,,Ginger (paste or whole)
Aloo Palak,,,Green Chilli
Aloo Palak,,,Dried Red Chilli
Aloo Palak,,,Cumin seeds (jeera)
Aloo Palak,,,Bay Leaf
Aloo Palak,,,Turmeric
Aloo Palak,,,Coriander Powder
Aloo Palak,,,Garam Masala
Aloo Palak,,,Kasuri Methi
Aloo Pyaaz Paratha,5,,Potato
Aloo Pyaaz Paratha,4,cup,Wheat Flour
Aloo Pyaaz Paratha,1,,Onion
Aloo Pyaaz Paratha,,,Cooking Oil
Aloo Pyaaz Paratha,,,Ginger
Aloo Pyaaz Paratha,,,Green Chilli
Aloo Pyaaz Paratha,,,Cilantro
Aloo Pyaaz Paratha,,,Coriander Seeds
Aloo Pyaaz Paratha,,,Ajwain (Carrom seeds)
Aloo Pyaaz Paratha,,,Red Chilli Powder
Aloo Pyaaz Paratha,,,Cumin Powder
Aloo Pyaaz Paratha,,,Garam Masala
Goan Fish Curry,2,lb,"Fish fillets (tilapia, cod, or halibut)"
Goan Fish Curry,,,Cooking Oil
Goan Fish Curry,2,,Onion
Goan Fish Curry,2,,Tomato
Goan Fish Curry,2,cup,Coconut Milk
Goan Fish Curry,,,Cilantro
Goan Fish Curry,,,Green Chilli
Goan Fish Curry,,,Garlic (paste or whole)
Goan Fish Curry,,,Ginger (paste or whole)
Goan Fish Curry,,,Red Chilli Powder
Goan Fish Curry,,,Tamarind paste or Lemon juice
Goan Fish Curry,,,Cilantro Leaves
Goan Fish Curry,,,Cumin Powder
Goan Fish Curry,,,Curry Leaves
Goan Fish Curry,,,Fenugreek Seeds
Goan Fish Curry,,,Mustard Seeds
Dahiwale Aloo,6,,potato (Aloo)
Dahiwale Aloo,2,cup,Whole milk yogurt
Dahiwale Aloo,,,Cilantro
Dahiwale Aloo,,,Lemon Juice
Dahiwale Aloo,,,Cooking Oil
Dahiwale Aloo,,,Green Chilies (optional)
Dahiwale Aloo,,,"Ginger, Curry leaves (optional)"
Dahiwale Aloo,,,Cumin seeds
Dahiwale Aloo,,,Mustard seeds
Dahiwale Aloo,,,Turmeric powder
Dahiwale Aloo,,,Red chili powder
Dahiwale Aloo,,,Coriander powder
Dahiwale Aloo,,,Hing
Dahiwale Aloo,,,Garam masala
Chicken 65,2,lb,Boneless chicken thighs
Chicken 65,2,cup,Whole milk yogurt
Chicken 65,4,tbsp,Ginger garlic paste
Chicken 65,3,tbsp,Lemon juice
Chicken 65,4,tbsp,Cornstarch or all-purpose flour
Chicken 65,4,tbsp,"Rice flour (optional, for extra crispiness)"
Chicken 65,1,,Egg
Chicken 65,1,,Onion
Chicken 65,,,Curry leaves
Chicken 65,,,Green chilies
Chicken 65,,,Cilantro leaves
Chicken 65,,,Red chili powder
Chicken 65,,,Turmeric powder
Chicken 65,,,Cumin Powder
Chicken 65,,,Coriander Powder
Chicken 65,,,Garam masala
Chicken 65,,,Black pepper
Chicken 65,,,Sambal/chilli sauce
Chicken 65,,,Soy sauce
Chicken 65,,,Vinegar
Pongal,1,cup,Rice (short-grain or Ponni)
Pongal,0.5,cup,Split yellow mung beans
Pongal,2,,Green chilies
Pongal,,,Cashew nuts
Pongal,,,Curry leaves
Pongal,,,Ghee (clarified butter)
Pongal,,,Cumin seeds
Pongal,,,Black pepper
Pongal,,,Ginger
Pongal,,,Asafoetida (hing)
Mutton Keema Aloo,1.25,lb,Ground mutton
Mutton Keema Aloo,4,,potato
Mutton Keema Aloo,2,,Onion
Mutton Keema Aloo,3,,Tomato
Mutton Keema Aloo,,,Cilantro (for garnish)
Mutton Keema Aloo,,,Ginger
Mutton Keema Aloo,,,Garlic
Mutton Keema Aloo,,,Green Chili
Mutton Keema Aloo,,,Turmeric powder
Mutton Keema Aloo,,,Red Chili Powder
Mutton Keema Aloo,,,Coriander powder
Mutton Keema Aloo,,,Cumin Powder
Mutton Keema Aloo,,,Kasuri Methi
Mutton Keema Aloo,,,Garam masala powder
Mutton Curry,2.5,lb,Bone in Mutton
Mutton Curry,,,Cooking Oil
Mutton Curry,4,,Onion
Mutton Curry,4,,Tomato
Mutton Curry,0.5,cup,Whole milk yogurt
Mutton Curry,,,Cilantro (for garnish)
Mutton Curry,,,Green Chilli
Mutton Curry,,,Garlic (paste or whole)
Mutton Curry,,,Ginger (paste or whole)
Mutton Curry,,,Coriander powder
Mutton Curry,,,Red Chilli Powder
Mutton Curry,,,Turmeric
Mutton Curry,,,Garam Masala
Mutton Curry,,,Bay Leaf
Mutton Curry,,,Cloves
Mutton Curry,,,Cinnamon
Mutton Curry,,,Cardamom
Mutton Biryani,4,,Onion
Mutton Biryani,1,cup,Whole milk yogurt
Mutton Biryani,2,,Green Chilli
Mutton Biryani,2,lb,Mutton
Mutton Biryani,,,Cilantro leaves
Mutton Biryani,1,,Lemon
Mutton Biryani,,,Cooking Oil
Mutton Biryani,,,Mint Leaves
Mutton Biryani,3,cup,Basmati Rice
Mutton Biryani,,,Ginger (paste or whole)
Mutton Biryani,,,Garlic (paste or whole)
Mutton Biryani,,,Turmeric
Mutton Biryani,,,Red Chilli Powder
Mutton Biryani,,,Biryani Masala
Mutton Biryani,,,Coriander powder
Mutton Biryani,,,Cumin Powder
Mutton Biryani,,,Bay Leaf
Mutton Biryani,,,Saffron
Mutton Biryani,,,Black Pepper
Mutton Biryani,,,Cinnamon
Mutton Biryani,,,Mace
Mutton Biryani,,,Cardamom
Mutton Biryani,,,Cloves
Chicken Salna,1.1,lb,Chicken
Chicken Salna,2,,Onions
Chicken Salna,2,,tomato
Chicken Salna,5,,Green Chilies
Chicken Salna,,,Shredded coconut
Chicken Salna,,,Mint
Chicken Salna,,,Curry Leaves
Chicken Salna,,,Garlic (paste or whole)
Chicken Salna,,,Ginger (paste or whole)
Chicken Salna,,,Coriander powder
Chicken Salna,,,Red Chilli Powder
Chicken Salna,,,Turmeric
Chicken Salna,,,Garam Masala
Chicken Salna,,,Bay Leaf
Chicken Salna,,,Cloves
Chicken Salna,,,Cinnamon
Chicken Salna,,,Cardamom
Chicken Salna,,,Fennel
Veg Chilli Garlic Noodles,1.1,lb,Rice noodles or Egg Noodles
Veg Chilli Garlic Noodles,1,bunch,Spring Onion
Veg Chilli Garlic Noodles,2,,Bell Peppers
Veg Chilli Garlic Noodles,2,,Carrots
Veg Chilli Garlic Noodles,,,Cooking Oil
Veg Chilli Garlic Noodles,,,Cilantro (Garnish)
Veg Chilli Garlic Noodles,,,Sesame Seeds (Garnish)
Veg Chilli Garlic Noodles,,,Garlic Cloves
Veg Chilli Garlic Noodles,,,Red Chilies
Veg Chilli Garlic Noodles,,,Soy Sauce
Veg Chilli Garlic Noodles,,,Chili Sauce (Sriracha eg)
Veg Chilli Garlic Noodles,,,Vinegar
Veg Chilli Garlic Noodles,,,Sambal Sauce
Schezwan Chicken,1.5,lb,Chicken Breast
Schezwan Chicken,6,tbsp,Cornstarch
Schezwan Chicken,2,,Red Bell Peppers
Schezwan Chicken,2,,Green Bell Pepper
Schezwan Chicken,2,,Onions
Schezwan Chicken,1,bunch,Spring Onions
Schezwan Chicken,,,Chicken broth (optional)
Schezwan Chicken,,,Cooking Oil
Schezwan Chicken,,,Garlic Cloves
Schezwan Chicken,,,Ginger
Schezwan Chicken,,,Dried Red Chilies
Schezwan Chicken,,,Sichuan Peppercorn
Schezwan Chicken,,,Soy Sauce
Schezwan Chicken,,,Vinegar
Schezwan Chicken,,,Black Pepper
Schezwan Chicken,,,Schezwan Sauce
Soybeans Sabzi,1.5,cup,Dried Soybeans
Soybeans Sabzi,2,,Onions
Soybeans Sabzi,3,,tomato
Soybeans Sabzi,,,Cilantro leaves (Garnish)
Soybeans Sabzi,,,Cooking Oil
Soybeans Sabzi,,,Ginger
Soybeans Sabzi,,,Garlic Cloves
Soybeans Sabzi,,,Cumin Seeds
Soybeans Sabzi,,,Mustard seeds
Soybeans Sabzi,,,Turmeric powder
Soybeans Sabzi,,,Coriander powder
Soybeans Sabzi,,,Cumin powder
Soybeans Sabzi,,,Garam Masala
Soybeans Sabzi,,,Red chili powder
Fish Curry,2,lb,"Fish fillets (tilapia, cod,halibut,pompfret)"
Fish Curry,,,Cooking Oil
Fish Curry,2,,Onion
Fish Curry,2,,Tomato
Fish Curry,2,cup,Coconut Milk (optional)
Fish Curry,,,Cilantro
Fish Curry,,,Green Chilli
Fish Curry,,,Garlic (paste or whole)
Fish Curry,,,Ginger (paste or whole)
Fish Curry,,,Red Chilli Powder
Fish Curry,,,Tamarind paste or Lemon juice
Fish Curry,,,Cilantro Leaves
Fish Curry,,,Cumin Powder
Fish Curry,,,Curry Leaves
Fish Curry,,,Fenugreek Seeds
Fish Curry,,,Mustard Seeds
Methi Pappu,1.5,cup,Toor Dal
Methi Pappu,1,bunch,Methi leaves (Fenugreek)
Methi Pappu,1,,Onion
Methi Pappu,2,,Tomato
Methi Pappu,,,Cooking oil (or Ghee)
Methi Pappu,3,,Green Chilies
Methi Pappu,,,Ginger (Paste or Whole)
Methi Pappu,,,Garlic (Paste or Whole)
Methi Pappu,,,Turmeric powder
Methi Pappu,,,Tamarind Concentrate
Methi Pappu,,,Mustard seeds
Methi Pappu,,,Cumin seeds (jeera)
Methi Pappu,,,Asafoetida (Hing)
Methi Pappu,,,Curry leaves
Lauki Chana Dal,0.9,lb,"Chana raw, soaked overnight"
Lauki Chana Dal,1,,Lauki (Bottle gourd)
Lauki Chana Dal,3,,tomato
Lauki Chana Dal,1,,Onions
Lauki Chana Dal,,,Cilantro (garnish)
Lauki Chana Dal,,,Cooking oil
Lauki Chana Dal,,,Garam Masala
Lauki Chana Dal,,,Coriander powder
Lauki Chana Dal,,,Turmeric powder
Lauki Chana Dal,,,Cumin seeds (jeera)
Lauki Chana Dal,,,Mustard seeds
Lauki Chana Dal,,,Cinnamon
Lauki Chana Dal,,,Ginger Garlic Paste
Lauki Chana Dal,,,Bay Leaf
Lauki Chana Dal,,,Curry leaves
Lauki Chana Dal,,,Karuri Methi
Lauki Chana Dal,,,Aamchur (Dry mango)
Tandoor Chicken,3,lb,Chicken (whole or pieces)
Tandoor Chicken,1,cup,Whole milk yogurt
Tandoor Chicken,2,tbsp,Lemon Juice
Tandoor Chicken,,,Cilantro (Garnish)
Tandoor Chicken,,,Cooking Oil
Tandoor Chicken,,,Ginger
Tandoor Chicken,,,Garlic
Tandoor Chicken,,,Dry Red Chili
Tandoor Chicken,,,Paprika
Tandoor Chicken,,,Ground Cumin
Tandoor Chicken,,,Ground Coriander
Tandoor Chicken,,,Garam Masala
Tandoor Chicken,,,Turmeric Powder
Ambur Biryani,4,,Onion
Ambur Biryani,3,,Tomato
Ambur Biryani,1,cup,Whole milk yogurt
Ambur Biryani,4,,Green Chilli
Ambur Biryani,3,lb,Bone in Chicken
Ambur Biryani,,,Cilantro leaves
Ambur Biryani,1,,Lemon
Ambur Biryani,,,Cooking Oil
Ambur Biryani,,,Mint Leaves
Ambur Biryani,3,cup,Short grain Rice (Samba preferred)
Ambur Biryani,,,Ginger (paste or whole)
Ambur Biryani,,,Garlic (paste or whole)
Ambur Biryani,,,Turmeric
Ambur Biryani,,,Red Chilli Powder
Ambur Biryani,,,Garam Masala
Ambur Biryani,,,Coriander powder
Ambur Biryani,,,Cumin Powder
Ambur Biryani,,,Bay Leaf
Ambur Biryani,,,Star Anise
Ambur Biryani,,,Black Pepper
Ambur Biryani,,,Cinnamon
Ambur Biryani,,,Cloves
Pepper Chicken,1,cup,Heavy cream
Pepper Chicken,2,,Tomato
Pepper Chicken,1.5,lb,Boneless Chicken Thighs
Pepper Chicken,2,,Onions
Pepper Chicken,,,Cooking Oil
Pepper Chicken,,,Coconut milk (optional)
Pepper Chicken,,,Curry leaves
Pepper Chicken,,,Red Chilli powder
Pepper Chicken,,,Cinnamon
Pepper Chicken,,,Green Cardamom
Pepper Chicken,,,Black Pepper
Pepper Chicken,,,Cloves
Pepper Chicken,,,Cumin seeds (jeera)
Pepper Chicken,,,Ginger (Paste or whole)
Pepper Chicken,,,Garlic (Paste or whole)
Pepper Chicken,,,Garam Masala
Shrimp Curry,2,lb,"Shrimp (tail removed, deveined)"
Shrimp Curry,2,,Onion
Shrimp Curry,2,,Tomato
Shrimp Curry,2,tbsp,ginger garlic paste
Shrimp Curry,2,,Green chilies
Shrimp Curry,0.25,cup,Cilantro
Shrimp Curry,3,tbsp,Cooking oil
Shrimp Curry,,,Cumin seeds
Shrimp Curry,,,Turmeric powder
Shrimp Curry,,,Red chili powder
Shrimp Curry,,,Coriander powder
Shrimp Curry,,,Garam masala powder
Shrimp Curry,,,Kasuri methi
Gobi Matar,2,cup,Green Peas
Gobi Matar,1,head,Cauliflower (Gobi)
Gobi Matar,,,Cooking oil
Gobi Matar,,,Cilantro
Gobi Matar,2,,Onion
Gobi Matar,2,,Tomato
Gobi Matar,,,Cilantro (Garnish)
Gobi Matar,,,Green Chili
Gobi Matar,,,Ginger (Paste or whole)
Gobi Matar,,,Garlic (Paste or whole)
Gobi Matar,,,Red chili powder
Gobi Matar,,,Coriander powder
Gobi Matar,,,Cumin seeds
Gobi Matar,,,Garam masala
Paneer Butter Masala,1,cup,Heavy cream
Paneer Butter Masala,4,,Tomato
Paneer Butter Masala,1,lb,Paneer
Paneer Butter Masala,2,,Onions
Paneer Butter Masala,4,tbsp,Cashews
Paneer Butter Masala,4,tbsp,Cooking Oil
Paneer Butter Masala,,,Butter
Paneer Butter Masala,4,tbsp,Cilantro (Garnish)
Paneer Butter Masala,,,Green Chili
Paneer Butter Masala,,,Turmeric powder
Paneer Butter Masala,,,Red Chili powder
Paneer Butter Masala,,,Coriander powder
Paneer Butter Masala,,,Cumin Powder
Paneer Butter Masala,,,Garam Masala
Paneer Butter Masala,,,Kasuri Methi
Paneer Butter Masala,,,Ginger (Paste or whole)
Paneer Butter Masala,,,Garlic (Paste or whole)
Thai Basil Noodles,0.75,lb,Rice noodles
Thai Basil Noodles,2,,Onion
Thai Basil Noodles,3,,Bell peppers
Thai Basil Noodles,3,,Carrots
Thai Basil Noodles,2,cup,Snow peas
Thai Basil Noodles,0,lb,"Ground chicken, pork, or tofu"
Thai Basil Noodles,3,,Eggs
Thai Basil Noodles,,,Fresh Thai basil leaves
Thai Basil Noodles,6,,Lime wedges
Thai Basil Noodles,1,cup,Chopped peanuts (optional)
Thai Basil Noodles,1,,Green onions (optional)
Thai Basil Noodles,6,,Thai bird's eye chilies
Thai Basil Noodles,,,Soy sauce
Thai Basil Noodles,,,Oyster sauce
Thai Basil Noodles,,,Fish sauce
Thai Basil Noodles,,,"Dark soy sauce (optional, for color)"
Thai Basil Noodles,,,Sugar
Thai Basil Noodles,,,Water
Thai Basil Noodles,,,Vegetable oil
Thai Basil Noodles,,,Garlic
Chicken Jhol Momos,1.5,lb,Ground chicken
Chicken Jhol Momos,2,,Onion
Chicken Jhol Momos,6,,Tomatos
Chicken Jhol Momos,30,,Momo Wrappers
Chicken Jhol Momos,1,bunch,Cilantro
Chicken Jhol Momos,,,Mustard Oil (optional)
Chicken Jhol Momos,,,Cooking Oil
Chicken Jhol Momos,,,Garlic
Chicken Jhol Momos,,,Ginger
Chicken Jhol Momos,,,Green Chili
Chicken Jhol Momos,,,Soy Sauce
Chicken Jhol Momos,,,Black Pepper Powder
Chicken Jhol Momos,,,Sesame Seeds
Chicken Jhol Momos,,,Cumin Seeds
Chicken Jhol Momos,,,Turmeric Powder
Chicken Jhol Momos,,,Red Chili Powder
Chicken Jhol Momos,,,Coriander Powder